{"current":{"colors_solid_button_labels":"#ffffff","colors_accent_1":"#804d15","gradient_accent_1":"linear-gradient(182deg, rgba(17, 46, 7, 1), rgba(30, 80, 13, 1) 100%, rgba(30, 80, 13, 1) 100%)","colors_accent_2":"#804d15","gradient_accent_2":"","colors_text":"#ffffff","colors_outline_button_labels":"#ffffff","colors_background_1":"#141414","gradient_background_1":"","colors_background_2":"#1c1d1c","gradient_background_2":"","type_header_font":"raleway_n4","heading_scale":100,"type_body_font":"raleway_n4","body_scale":100,"page_width":1200,"spacing_sections":0,"spacing_grid_horizontal":8,"spacing_grid_vertical":8,"buttons_border_thickness":1,"buttons_border_opacity":100,"buttons_radius":0,"buttons_shadow_opacity":0,"buttons_shadow_horizontal_offset":0,"buttons_shadow_vertical_offset":4,"buttons_shadow_blur":5,"variant_pills_border_thickness":2,"variant_pills_border_opacity":50,"variant_pills_radius":40,"variant_pills_shadow_opacity":0,"variant_pills_shadow_horizontal_offset":0,"variant_pills_shadow_vertical_offset":4,"variant_pills_shadow_blur":5,"inputs_border_thickness":1,"inputs_border_opacity":55,"inputs_radius":0,"inputs_shadow_opacity":0,"inputs_shadow_horizontal_offset":0,"inputs_shadow_vertical_offset":4,"inputs_shadow_blur":5,"card_style":"card","card_image_padding":0,"card_text_alignment":"left","card_color_scheme":"background-2","card_border_thickness":0,"card_border_opacity":10,"card_corner_radius":0,"card_shadow_opacity":0,"card_shadow_horizontal_offset":0,"card_shadow_vertical_offset":4,"card_shadow_blur":5,"text_boxes_border_thickness":0,"text_boxes_border_opacity":10,"text_boxes_radius":0,"text_boxes_shadow_opacity":0,"text_boxes_shadow_horizontal_offset":0,"text_boxes_shadow_vertical_offset":4,"text_boxes_shadow_blur":5,"media_border_thickness":1,"media_border_opacity":5,"media_radius":0,"media_shadow_opacity":0,"media_shadow_horizontal_offset":0,"media_shadow_vertical_offset":-12,"media_shadow_blur":5,"popup_border_thickness":1,"popup_border_opacity":10,"popup_corner_radius":0,"popup_shadow_opacity":0,"popup_shadow_horizontal_offset":0,"popup_shadow_vertical_offset":4,"popup_shadow_blur":5,"drawer_border_thickness":1,"drawer_border_opacity":10,"drawer_shadow_opacity":0,"drawer_shadow_horizontal_offset":0,"drawer_shadow_vertical_offset":4,"drawer_shadow_blur":5,"badge_position":"bottom left","badge_corner_radius":40,"sale_badge_color_scheme":"accent-2","sold_out_badge_color_scheme":"inverse","accent_icons":"text","social_twitter_link":"https:\/\/twitter.com\/THEBARNBERLIN","social_facebook_link":"https:\/\/www.facebook.com\/THEBARNBERLIN\/","social_pinterest_link":"https:\/\/www.pinterest.de\/thebarncoffeeroasters\/","social_instagram_link":"https:\/\/www.instagram.com\/thebarnberlin\/","social_tiktok_link":"","social_tumblr_link":"","social_snapchat_link":"","social_youtube_link":"","social_vimeo_link":"","predictive_search_enabled":true,"predictive_search_show_vendor":false,"predictive_search_show_price":false,"favicon":"shopify:\/\/shop_images\/barn_logo_large_house_1_3a2f7861-48aa-4c94-83da-49a2490f28d8.png","currency_code_enabled":true,"curated_filter_1":"Radiophare, Indonesia","curated_filter_2":"Tabe Burka, Ethiopia","curated_espresso_1":"Aromas Del Valle, Peru","curated_espresso_2":"Gedeb Chelchele Natural, Ethiopia","low_caf":"Daterra Reserve, Brazil","espresso_of_the_month":"Aromas Del Valle, Peru","color_profile_balanced":"#8e7149","color_profile_terrior":"#0f841e","color_profile_exotic":"#b26119","checkout_logo_image":"shopify:\/\/shop_images\/barn_logo_large_house_white.webp","checkout_logo_position":"center","checkout_body_background_color":"#131313","checkout_input_background_color_mode":"transparent","checkout_sidebar_background_color":"#212121","checkout_accent_color":"#804d15","checkout_button_color":"#68431b","color_profile_terroir":"#13ab27","sections":{"announcement-bar":{"type":"announcement-bar","blocks":{"9b61c670-421e-411e-a354-e322ee6f62a5":{"type":"announcement","settings":{"text":"NEW: NANSEBO - ETHIOPIAN ESPRESSO","color_scheme":"accent-2","link":"https:\/\/thebarn.de\/products\/nansebo"}}},"block_order":["9b61c670-421e-411e-a354-e322ee6f62a5"],"settings":{}},"header":{"type":"header","custom_css":[],"settings":{"color_scheme":"background-1","logo":"shopify:\/\/shop_images\/barn_logo_large_house_white.webp","logo_width":200,"logo_position":"middle-left","menu":"new-menu-dawn","menu_type_desktop":"dropdown","show_line_separator":true,"enable_sticky_header":true,"margin_bottom":0}},"footer":{"type":"footer","blocks":{"8df4c85d-d9a2-4f99-bf0e-74b5f9578dd9":{"type":"text","settings":{"heading":"SUBSCRIPTIONS","subtext":"<h5><a href=\"https:\/\/thebarn.de\/collections\/subscriptions\" title=\"https:\/\/thebarn.de\/collections\/subscriptions\">Your Choices<\/a><br\/><a href=\"https:\/\/thebarn.de\/collections\/subscriptions\" title=\"https:\/\/thebarn.de\/collections\/subscriptions\">Gift Choices<\/a><\/h5>"}},"c75a1e9a-7872-4221-bedc-9fb59a8601e6":{"type":"text","settings":{"heading":"SHOP","subtext":"<h5><a href=\"https:\/\/thebarn.de\/collections\/beans\" title=\"https:\/\/thebarn.de\/collections\/beans\">Beans<\/a><br\/><a href=\"https:\/\/thebarn.de\/collections\/instant-drip\" title=\"https:\/\/thebarn.de\/collections\/instant-drip\">Instant & Drip Bags<\/a><br\/><a href=\"https:\/\/thebarn.de\/collections\/capsules\" title=\"https:\/\/thebarn.de\/collections\/capsules\">Capsules <\/a><br\/><a href=\"https:\/\/thebarn.de\/collections\/equipment\" title=\"https:\/\/thebarn.de\/collections\/equipment\">Equipment <br\/><\/a><a href=\"https:\/\/thebarn.de\/collections\/merchandise\" title=\"https:\/\/thebarn.de\/collections\/merchandise\">Merchandise<\/a> <br\/><a href=\"https:\/\/thebarn.de\/collections\/vouchers\" title=\"https:\/\/thebarn.de\/collections\/vouchers\">Vouchers<\/a><\/h5>"}},"33c97cbe-0f9e-4981-998f-81e7ff9b9679":{"type":"text","settings":{"heading":"ABOUT","subtext":"<h5> <a href=\"https:\/\/thebarn.de\/pages\/aboutus\" title=\"https:\/\/thebarn.de\/pages\/aboutus\">About Us<br\/><\/a><a href=\"\/pages\/team\" title=\"Team\">Team <\/a><br\/><a href=\"https:\/\/thebarn.de\/pages\/locations\" title=\"https:\/\/thebarn.de\/pages\/locations\">Locations<br\/><\/a><a href=\"https:\/\/thebarn.de\/pages\/careers\" title=\"https:\/\/thebarn.de\/pages\/careers\">Careers<\/a><\/h5>"}},"705afaa5-785a-40f3-9e83-5c853fe5b6aa":{"type":"text","settings":{"heading":"SUSTAINABILITY","subtext":"<h5><a href=\"https:\/\/thebarn.de\/blogs\/coffee-wiki\/sustainability\" title=\"https:\/\/thebarn.de\/blogs\/coffee-wiki\/sustainability\">Donate Trees<\/a><\/h5>"}},"54146417-e198-4a25-a221-4be456299d47":{"type":"text","settings":{"heading":"WHOLESALE","subtext":"<h5><a href=\"https:\/\/thebarn.de\/pages\/wholesale-application\" title=\"https:\/\/thebarn.de\/pages\/wholesale-application\">Contact Form<\/a><br\/><\/h5>"}},"3b9c4772-8f19-4d4c-9fca-70c19c452223":{"type":"text","settings":{"heading":"BLOG","subtext":"<h5><a href=\"https:\/\/thebarn.de\/blogs\/the-barn-blog\" title=\"https:\/\/thebarn.de\/blogs\/the-barn-blog\">Articles & Education <br\/><\/a><a href=\"https:\/\/thebarn.de\/pages\/brew-guides\" title=\"https:\/\/thebarn.de\/pages\/brew-guides\">Brew Guides<br\/>Signature Drinks<\/a><\/h5>"}},"780a470e-2fa4-4e1a-9954-6422d2b44db5":{"type":"text","settings":{"heading":"QUICK LINKS","subtext":"<h5><a href=\"\/pages\/faq-help-center\" title=\"FAQ & Help Center\">FAQ<\/a><br\/><a href=\"\/policies\/shipping-policy\" title=\"Shipping Policy\">Shipping<br\/><\/a><a href=\"\/pages\/contact\" title=\"CONTACT\">Contact<\/a><br\/><a href=\"\/pages\/press\" title=\"Press\">Press<br\/><\/a><\/h5>"}},"ae726a0a-e0a3-4e61-a76e-66d8d817def1":{"type":"text","settings":{"heading":"LEGAL","subtext":"<h5><a href=\"\/pages\/imprint\" title=\"Imprint\">Imprint<\/a><br\/><a href=\"\/policies\/privacy-policy\" title=\"Privacy Policy\">Privacy Policy<\/a><br\/><a href=\"\/policies\/terms-of-service\" title=\"Terms of Service\">Terms & Conditions<\/a><br\/><a href=\"\/policies\/refund-policy\" title=\"Refund Policy\">Right of Revocation<\/a><\/h5>"}}},"block_order":["8df4c85d-d9a2-4f99-bf0e-74b5f9578dd9","c75a1e9a-7872-4221-bedc-9fb59a8601e6","33c97cbe-0f9e-4981-998f-81e7ff9b9679","705afaa5-785a-40f3-9e83-5c853fe5b6aa","54146417-e198-4a25-a221-4be456299d47","3b9c4772-8f19-4d4c-9fca-70c19c452223","780a470e-2fa4-4e1a-9954-6422d2b44db5","ae726a0a-e0a3-4e61-a76e-66d8d817def1"],"custom_css":["h5 {font-size: 14px;}",".footer-block--newsletter {margin-top: 8rem;}"],"settings":{"color_scheme":"background-2","newsletter_enable":true,"newsletter_heading":"Stay connected through our newsletter","show_social":true,"enable_country_selector":false,"enable_language_selector":false,"payment_enable":true,"margin_top":64,"padding_top":32,"padding_bottom":32}},"main-password-header":{"type":"main-password-header","settings":{"logo_max_width":100,"color_scheme":"background-1"}},"main-password-footer":{"type":"main-password-footer","settings":{"color_scheme":"background-1"}},"ajax-drawer":{"type":"ajax-drawer","settings":{"collection_beans":"","collection_subs":"","show-banner":false,"banner-product":"","banner-text":"Plant 1 tree in Brazil with us for €1.50","banner-color":"#067a46","banner-hover-color":"#064b2c"}}},"content_for_index":[],"blocks":{"7878088468538493966":{"type":"shopify:\/\/apps\/wisepops-smart-popups-bars\/blocks\/app-embed\/e7d7a4f7-0df4-4073-9375-5f36db513952","disabled":false,"settings":{}},"5389821579888176532":{"type":"shopify:\/\/apps\/geolocation-product-blocker\/blocks\/app-embed\/cebd97aa-ffad-40fc-90fb-b9ee6a39f8b6","disabled":false,"settings":{}},"17151115064775110295":{"type":"shopify:\/\/apps\/recharge-subscriptions\/blocks\/recharge-theme\/371eed76-0b44-4869-9813-730372ea378e","disabled":false,"settings":{"color_brand":"#804d15","contrast_color":"#ffffff","color_brand_secondary":"#ffffff","corners":"8px","app_background":"#141414","app_container":1200,"app_vertical_padding":32,"images_aspect_ratio":"1","cards_background":"#808080","cards_border_color":"rgba(0,0,0,0)"}}}},"presets":{"Default":{"colors_solid_button_labels":"#ffffff","colors_accent_1":"#121212","gradient_accent_1":"","colors_accent_2":"#334fb4","gradient_accent_2":"","colors_text":"#121212","colors_outline_button_labels":"#121212","colors_background_1":"#ffffff","gradient_background_1":"","colors_background_2":"#f3f3f3","gradient_background_2":"","type_header_font":"assistant_n4","heading_scale":100,"type_body_font":"assistant_n4","body_scale":100,"page_width":1200,"spacing_sections":0,"spacing_grid_horizontal":8,"spacing_grid_vertical":8,"buttons_border_thickness":1,"buttons_border_opacity":100,"buttons_radius":0,"buttons_shadow_opacity":0,"buttons_shadow_horizontal_offset":0,"buttons_shadow_vertical_offset":4,"buttons_shadow_blur":5,"variant_pills_border_thickness":1,"variant_pills_border_opacity":55,"variant_pills_radius":40,"variant_pills_shadow_opacity":0,"variant_pills_shadow_horizontal_offset":0,"variant_pills_shadow_vertical_offset":4,"variant_pills_shadow_blur":5,"inputs_border_thickness":1,"inputs_border_opacity":55,"inputs_radius":0,"inputs_shadow_opacity":0,"inputs_shadow_horizontal_offset":0,"inputs_shadow_vertical_offset":4,"inputs_shadow_blur":5,"card_style":"standard","card_image_padding":0,"card_text_alignment":"left","card_color_scheme":"background-2","card_border_thickness":0,"card_border_opacity":10,"card_corner_radius":0,"card_shadow_opacity":0,"card_shadow_horizontal_offset":0,"card_shadow_vertical_offset":4,"card_shadow_blur":5,"text_boxes_border_thickness":0,"text_boxes_border_opacity":10,"text_boxes_radius":0,"text_boxes_shadow_opacity":0,"text_boxes_shadow_horizontal_offset":0,"text_boxes_shadow_vertical_offset":4,"text_boxes_shadow_blur":5,"media_border_thickness":1,"media_border_opacity":5,"media_radius":0,"media_shadow_opacity":0,"media_shadow_horizontal_offset":0,"media_shadow_vertical_offset":4,"media_shadow_blur":5,"popup_border_thickness":1,"popup_border_opacity":10,"popup_corner_radius":0,"popup_shadow_opacity":0,"popup_shadow_horizontal_offset":0,"popup_shadow_vertical_offset":4,"popup_shadow_blur":5,"drawer_border_thickness":1,"drawer_border_opacity":10,"drawer_shadow_opacity":0,"drawer_shadow_horizontal_offset":0,"drawer_shadow_vertical_offset":4,"drawer_shadow_blur":5,"badge_position":"bottom left","badge_corner_radius":40,"sale_badge_color_scheme":"accent-2","sold_out_badge_color_scheme":"inverse","accent_icons":"text","social_twitter_link":"","social_facebook_link":"","social_pinterest_link":"","social_instagram_link":"","social_tiktok_link":"","social_tumblr_link":"","social_snapchat_link":"","social_youtube_link":"","social_vimeo_link":"","predictive_search_enabled":true,"predictive_search_show_vendor":false,"predictive_search_show_price":false,"currency_code_enabled":true,"sections":{"announcement-bar":{"type":"announcement-bar","blocks":{"announcement-bar-0":{"type":"announcement","settings":{"text":"Welcome to our store","color_scheme":"background-1","link":""}}},"block_order":["announcement-bar-0"],"settings":{}},"header":{"type":"header","settings":{"color_scheme":"background-1","logo_width":90,"logo_position":"middle-left","menu":"main-menu","show_line_separator":true,"enable_sticky_header":true,"margin_bottom":0}},"footer":{"type":"footer","blocks":{"footer-0":{"type":"link_list","settings":{"heading":"Quick links","menu":"footer"}},"footer-1":{"type":"link_list","settings":{"heading":"Info","menu":"footer"}},"footer-2":{"type":"text","settings":{"heading":"Our mission","subtext":"<p>Share contact information, store details, and brand content with your customers.<\/p>"}}},"block_order":["footer-0","footer-1","footer-2"],"settings":{"color_scheme":"background-1","newsletter_enable":true,"newsletter_heading":"Subscribe to our emails","show_social":true,"enable_country_selector":false,"enable_language_selector":false,"payment_enable":true,"margin_top":48,"padding_top":36,"padding_bottom":36}},"main-password-header":{"type":"main-password-header","settings":{"logo_max_width":100,"color_scheme":"background-1"}},"main-password-footer":{"type":"main-password-footer","settings":{"color_scheme":"background-1"}}}}},"platform_customizations":{"custom_css":["#Subscribe {background-color: transparent;}"]}}