{"sections":{"pf-b918bb3d":{"type":"pf-b918bb3d","settings":{}},"1657800126f357158b":{"type":"featured-collection","settings":{"title":"Featured collection","heading_size":"h1","description":"","show_description":false,"description_style":"body","collection":"newest-coffees","products_to_show":4,"columns_desktop":4,"full_width":false,"show_view_all":true,"view_all_style":"solid","view_all_label":"View All","enable_desktop_slider":false,"color_scheme":"background-1","image_ratio":"adapt","show_secondary_image":false,"show_vendor":false,"show_rating":false,"enable_quick_add":false,"columns_mobile":"2","swipe_on_mobile":false,"padding_top":36,"padding_bottom":36}}},"order":["pf-b918bb3d","1657800126f357158b"]}