{"sections":{"main":{"type":"main-article","blocks":{"featured_image":{"type":"featured_image","settings":{"image_height":"medium"}},"title":{"type":"title","settings":{"blog_show_date":true,"blog_show_author":false}},"37a1fa2a-1f24-450a-a9a1-cb4528b8519d":{"type":"content","settings":{}},"09e3b91c-548d-4e0d-8407-66cce56af3e5":{"type":"share","settings":{"share_label":"Share"}}},"block_order":["featured_image","title","37a1fa2a-1f24-450a-a9a1-cb4528b8519d","09e3b91c-548d-4e0d-8407-66cce56af3e5"],"settings":{}},"1659687875b9adbf7e":{"type":"newsletter-sign-up","settings":{"padding_top":40,"padding_bottom":52}},"1657896229556540f3":{"type":"popup-main","disabled":true,"settings":{}},"fb45a128-8d0e-46ed-8c5f-351202d24d7d":{"type":"featured-collection","settings":{"title":"Latest Releases","heading_size":"h1","description":"","show_description":false,"description_style":"body","collection":"new-releases","products_to_show":4,"columns_desktop":4,"full_width":false,"show_view_all":true,"view_all_style":"solid","view_all_label":"View All","enable_desktop_slider":false,"color_scheme":"background-1","image_ratio":"adapt","show_secondary_image":true,"show_vendor":false,"show_tastenotes":false,"show_rating":false,"enable_quick_add":false,"columns_mobile":"2","swipe_on_mobile":false,"padding_top":36,"padding_bottom":36}}},"order":["main","1659687875b9adbf7e","1657896229556540f3","fb45a128-8d0e-46ed-8c5f-351202d24d7d"]}