{"wrapper":"div#div_id.page-width","sections":{"16536485367ff1191d":{"type":"image-banner","blocks":{"16536485364024ce9d-0":{"type":"heading","settings":{"heading":"{{ collection.title }}","heading_size":"h1"}},"16536485364024ce9d-1":{"type":"text","settings":{"text":"We celebrate seasonality.","text_style":"body"}}},"block_order":["16536485364024ce9d-0","16536485364024ce9d-1"],"settings":{"image":"shopify:\/\/shop_images\/IMG_5612_3403d952-6305-40fb-ac2c-02113b1adec2.jpg","image_overlay_opacity":30,"image_height":"small","adapt_height_first_image":false,"transparent_block":false,"desktop_content_position":"middle-center","show_text_box":false,"desktop_content_alignment":"center","color_scheme":"background-1","mobile_content_alignment":"center","stack_images_on_mobile":false,"show_text_below":false}},"banner":{"type":"main-collection-banner","disabled":true,"settings":{"show_collection_description":false,"show_collection_image":false,"color_scheme":"background-2"}},"f1f91a99-9998-451e-8af1-938c3ccec34f":{"type":"featured-collection","disabled":true,"settings":{"title":"EASTER SPECIALS","heading_size":"h1","description":"","show_description":false,"description_style":"body","collection":"spring-gift-specials","products_to_show":3,"columns_desktop":3,"full_width":false,"show_view_all":false,"view_all_style":"solid","view_all_label":"View All","enable_desktop_slider":false,"color_scheme":"background-1","image_ratio":"adapt","show_secondary_image":true,"show_vendor":false,"show_tastenotes":false,"show_rating":false,"enable_quick_add":true,"columns_mobile":"1","swipe_on_mobile":true,"padding_top":36,"padding_bottom":36}},"1a713986-dc37-4b66-b5cf-0705458ba228":{"type":"rich-text","blocks":{"template--16319953862923__1a713986-dc37-4b66-b5cf-0705458ba228-1669376866f79f0b8e-1":{"type":"text","settings":{"text":"<p>LET PROFILES BE YOUR GUIDE<\/p>"}},"template--16319953862923__1a713986-dc37-4b66-b5cf-0705458ba228-1669376866f79f0b8e-0":{"type":"heading","disabled":true,"settings":{"heading":"<p>Taste by Profiles<\/p>","heading_size":"h2"}}},"block_order":["template--16319953862923__1a713986-dc37-4b66-b5cf-0705458ba228-1669376866f79f0b8e-1","template--16319953862923__1a713986-dc37-4b66-b5cf-0705458ba228-1669376866f79f0b8e-0"],"settings":{"desktop_content_position":"center","content_alignment":"center","color_scheme":"background-1","full_width":true,"padding_top":40,"padding_bottom":24}},"9aed932f-1130-4b01-8d78-81c28dfcac7f":{"type":"multicolumn","blocks":{"template--16319953862923__9aed932f-1130-4b01-8d78-81c28dfcac7f-1669376778172978e9-0":{"type":"column","settings":{"title":"Balanced","text":"<p>An entry style level Single Origin coffee with a balanced cup profile. Coffees in this category are typically sweet, round with a low to medium acidity. Easy drinking, all day coffees. Of course, they will have a minimum scoring of 86 points.<\/p>","link_label":"","link":"https:\/\/thebarn.de\/collections\/beans?filter.p.m.bean.profile=Balanced","custom_liquid":""}},"template--16319953862923__9aed932f-1130-4b01-8d78-81c28dfcac7f-1669376778172978e9-1":{"type":"column","settings":{"title":"Terroir","text":"<p>Our core strength are coffees with distinct notes of terroir and exciting cup profiles. Single farm partnership coffees offering a taste journey throughout the best coffee regions and some of the most skillful coffee producer on this planet.<\/p>","link_label":"","link":"","custom_liquid":""}},"template--16319953862923__9aed932f-1130-4b01-8d78-81c28dfcac7f-1669376778172978e9-2":{"type":"column","settings":{"title":"Exotic","text":"<p>This advanced level of processing features more extreme taste profiles,  coming from fermentation and the processing of these super extra-ordinary coffees. You often find boozy, funky or cinnamon flavours, overripe fruits and an intense dry aroma.<\/p>","link_label":"","link":"https:\/\/thebarn.de\/collections\/beans?filter.p.m.bean.profile=Balanced","custom_liquid":"{%render 'thebarn.coffeebeanprofile'%}"}}},"block_order":["template--16319953862923__9aed932f-1130-4b01-8d78-81c28dfcac7f-1669376778172978e9-0","template--16319953862923__9aed932f-1130-4b01-8d78-81c28dfcac7f-1669376778172978e9-1","template--16319953862923__9aed932f-1130-4b01-8d78-81c28dfcac7f-1669376778172978e9-2"],"settings":{"title":"","heading_size":"h1","image_width":"full","image_ratio":"adapt","columns_desktop":3,"column_alignment":"center","background_style":"primary","button_label":"","button_link":"","link_as_button":false,"color_scheme":"background-1","columns_mobile":"1","swipe_on_mobile":false,"padding_top":0,"padding_bottom":36}},"16609093955d46716e":{"type":"bean-collection-product-grid","settings":{"products_per_page":64,"columns_desktop":4,"image_ratio":"adapt","show_secondary_image":true,"show_vendor":false,"show_tastenotes":true,"show_rating":false,"enable_quick_add":true,"quick_add_button_color":"#804d15","enable_filtering":true,"filter_type":"horizontal","enable_sorting":false,"columns_mobile":"1","padding_top":40,"padding_bottom":40}},"1651574465fc19c571":{"type":"custom-liquid","settings":{"custom_liquid":"{% render | \"four-icons\" %}","color_scheme":"background-1","padding_top":0,"padding_bottom":0}},"16609096892f959660":{"type":"collection-list","blocks":{"16609096892c11eee0-0":{"type":"featured_collection","settings":{"collection":"instant-drip"}},"cf528b2f-6e3c-49a0-85d9-a8bb2f990829":{"type":"featured_collection","settings":{"collection":"capsules"}},"16609096892c11eee0-1":{"type":"featured_collection","settings":{"collection":"equipment"}},"16609096892c11eee0-2":{"type":"featured_collection","settings":{"collection":"merchandise"}}},"block_order":["16609096892c11eee0-0","cf528b2f-6e3c-49a0-85d9-a8bb2f990829","16609096892c11eee0-1","16609096892c11eee0-2"],"settings":{"title":"DISCOVER MORE","heading_size":"h2","image_ratio":"square","columns_desktop":4,"color_scheme":"background-1","show_view_all":false,"columns_mobile":"1","swipe_on_mobile":false,"padding_top":36,"padding_bottom":36}},"7409db41-a69f-4be8-a75d-2a7d5c42b0fb":{"type":"bean-landing-image","disabled":true,"settings":{"padding_top":40,"padding_bottom":52}}},"order":["16536485367ff1191d","banner","f1f91a99-9998-451e-8af1-938c3ccec34f","1a713986-dc37-4b66-b5cf-0705458ba228","9aed932f-1130-4b01-8d78-81c28dfcac7f","16609093955d46716e","1651574465fc19c571","16609096892f959660","7409db41-a69f-4be8-a75d-2a7d5c42b0fb"]}