{"sections":{"image_banner":{"type":"image-banner","blocks":{"heading":{"type":"heading","settings":{"heading":"BREW · SIP · REMEMBER","heading_size":"h1"}},"text":{"type":"text","settings":{"text":"THE BARN IS A DIFFERENT COFFEE EXPERIENCE","text_style":"body"}},"37a278ca-83ba-47c2-9df7-d3fb30ab3569":{"type":"buttons","settings":{"button_label_1":"SUBSCRIPTIONS","button_link_1":"shopify:\/\/collections\/subscriptions","button_style_secondary_1":false,"button_label_2":"BUY BEANS","button_link_2":"shopify:\/\/collections\/beans","button_style_secondary_2":false}}},"block_order":["heading","text","37a278ca-83ba-47c2-9df7-d3fb30ab3569"],"custom_css":["h1 {width: 100%; font-size: 32px; padding: 0; margin: 0;}"],"settings":{"image":"shopify:\/\/shop_images\/Hero_landing_page_THE_BARN_Specialty_coffee_roasters_619ae834-de2c-4c40-bd81-80bc1c03065a.png","image_overlay_opacity":40,"image_height":"medium","adapt_height_first_image":false,"transparent_block":false,"desktop_content_position":"middle-center","show_text_box":false,"desktop_content_alignment":"center","color_scheme":"background-1","mobile_content_alignment":"center","stack_images_on_mobile":false,"show_text_below":false}},"1653387743507b82e2":{"type":"custom-liquid","settings":{"custom_liquid":"{% render | \"awards-snippet\" %}\n\n<style>\n.quick-add__submit, #Subscribe { background-color: #804d15;\ncolor: white;\n--border-offset: #804d15;\n}\n<\/style>","color_scheme":"background-1","padding_top":40,"padding_bottom":40}},"550bad91-bd7c-428d-b01d-b1a12420b001":{"type":"image-with-text","blocks":{"7c004cde-aa17-4fcc-9a10-f9ab83819e27":{"type":"caption","settings":{"caption":"","text_style":"caption-with-letter-spacing","text_size":"medium"}},"fc2067cd-78f5-4d98-8a27-55b990a12a38":{"type":"heading","settings":{"heading":"SPRING SPECIAL SUBSCRIPTION","heading_size":"h2"}},"9d0ecc79-ff98-4c5a-b3b4-af432ebdaf51":{"type":"text","settings":{"text":"<p>With our Spring Subscriptions, explore the amazing world of Single Origin coffee beans. Your first delivery will include : <\/p><ul><li>A beautiful Sandstone Mug - or two! <\/li><li>And our cute enamel House Pin. <\/li><\/ul>","text_style":"body"}},"b40f8898-27e9-404c-9fd4-4c7ad623d92e":{"type":"button","settings":{"button_label":"ORDER HERE","button_link":"shopify:\/\/collections\/spring-gift-specials"}}},"block_order":["7c004cde-aa17-4fcc-9a10-f9ab83819e27","fc2067cd-78f5-4d98-8a27-55b990a12a38","9d0ecc79-ff98-4c5a-b3b4-af432ebdaf51","b40f8898-27e9-404c-9fd4-4c7ad623d92e"],"settings":{"image":"shopify:\/\/shop_images\/IMG_3284_3db89a44-8743-4a48-8797-de85944aea76.jpg","height":"adapt","desktop_image_width":"medium","layout":"text_first","desktop_content_position":"middle","desktop_content_alignment":"left","content_layout":"no-overlap","color_scheme":"background-1","mobile_content_alignment":"left","padding_top":16,"padding_bottom":16}},"165900919845720bf8":{"type":"newsletter-sign-up","custom_css":[],"settings":{"padding_top":40,"padding_bottom":40}},"1652970717af5972f9":{"type":"multicolumn","blocks":{"1652970717eaeb9726-0":{"type":"column","settings":{"image":"shopify:\/\/shop_images\/Bildschirmfoto_2023-06-05_um_10.24.06.png","title":"El Marcelo, Colombia","text":"<p><strong>Colombia that takes like Kenya.<\/strong><br\/>El Marcelo is back with crisp clarity. At over 2150 metres, high up on the Colombian Massif, Armel Moncayo makes the most of conditions where cherries slowly ripen. With delicious sweetness and clean acidity, its all about the altitude!<\/p>","link_label":"GET YOUR BAG","link":"https:\/\/thebarn.de\/products\/el-marcelo","custom_liquid":"<style>\n.multicolumn-card__info a {\ntext-decoration: none;\n  text-decoration: inherit; \n}\n\n<\/style>"}},"1c72e7b1-7525-4448-9224-c7e5ed0db70b":{"type":"column","settings":{"image":"shopify:\/\/shop_images\/El_Vergel_Gesha.jpg","title":"El Vergel Gesha, Colombia","text":"<p><strong>Mango. Rose.<br\/><\/strong>We are excited to bring you this coffee, the newest addition to our <strong>Rarity Line<\/strong>. This coffee shows pronounced sweetness and vibrant complexity. Expect intense ripe mango and stone fruit, while delicate rose adds floral character.<\/p>","link_label":"ORDER HERE","link":"shopify:\/\/products\/el-vergel-gesha","custom_liquid":"<style>.media--square {\n  padding-bottom: 99%;}\n.multicolumn-card__info a {\ntext-decoration: none;\n  text-decoration: inherit; \n}\n\n<\/style>"}},"1652970717eaeb9726-1":{"type":"column","disabled":true,"settings":{"image":"shopify:\/\/shop_images\/RILEY2020-Kambumbu-highres-8145_06560174-68f3-437c-8aba-a521954961d5.webp","title":"NEW FILTER DROP FROM KENYA","text":"<p>Giakanja AB has a bold and complex profile with the sweetness of ripe berries. A hint of orange zest and the sweet touch of vanilla round off a beautifully refined filter.<\/p>","link_label":"ORDER HERE","link":"shopify:\/\/products\/giakanja-ab","custom_liquid":""}}},"block_order":["1652970717eaeb9726-0","1c72e7b1-7525-4448-9224-c7e5ed0db70b","1652970717eaeb9726-1"],"settings":{"title":"","heading_size":"h1","image_width":"full","image_ratio":"square","columns_desktop":2,"column_alignment":"left","background_style":"primary","button_label":"","button_link":"","link_as_button":true,"color_scheme":"background-1","columns_mobile":"1","swipe_on_mobile":false,"padding_top":16,"padding_bottom":16}},"165339081846c57155":{"type":"featured-collection","custom_css":[],"settings":{"title":"LATEST RELEASES","heading_size":"h2","description":"","show_description":false,"description_style":"body","collection":"new-releases","products_to_show":4,"columns_desktop":4,"full_width":false,"show_view_all":false,"view_all_style":"solid","view_all_label":"SEE FULL BEAN COLLECTION","enable_desktop_slider":false,"color_scheme":"background-1","image_ratio":"square","show_secondary_image":true,"show_vendor":false,"show_tastenotes":true,"show_rating":false,"enable_quick_add":true,"columns_mobile":"2","swipe_on_mobile":false,"padding_top":32,"padding_bottom":16}},"ccb4fcd6-64bb-45af-a673-75d70cac4dfc":{"type":"image-with-text","disabled":true,"blocks":{"25a5c07b-9386-4266-a2cf-aeac850247f2":{"type":"caption","settings":{"caption":"COFFEE SUBSCRIPTION","text_style":"caption-with-letter-spacing","text_size":"medium"}},"template--16083011076363__ccb4fcd6-64bb-45af-a673-75d70cac4dfc-1666342277de8daea6-0":{"type":"heading","settings":{"heading":"FILTER SUBSCRIPTION","heading_size":"h2"}},"template--16083011076363__ccb4fcd6-64bb-45af-a673-75d70cac4dfc-1666342277de8daea6-1":{"type":"text","settings":{"text":"<p>With our curated subscription you receive two new coffees every month (2x 250g). This is the most popular subscription we offer.  <\/p><p>In March, you receive these coffees:<\/p><ul><li><a href=\"\/products\/bumba-hill\" target=\"_blank\" title=\"BUMBA HILL\">Bumba Hill, Burundi<\/a>: <strong>Tangerine. Rose.<\/strong><\/li><li><a href=\"\/products\/sundrop\" target=\"_blank\" title=\"SUNDROP\">Sundrop, Brazil<\/a>: <strong>Caramel. Prune.<\/strong><\/li><\/ul>","text_style":"body"}},"template--16083011076363__ccb4fcd6-64bb-45af-a673-75d70cac4dfc-1666342277de8daea6-2":{"type":"button","settings":{"button_label":"SUBSCRIBE NOW","button_link":"shopify:\/\/products\/curated-subscription-monthly"}}},"block_order":["25a5c07b-9386-4266-a2cf-aeac850247f2","template--16083011076363__ccb4fcd6-64bb-45af-a673-75d70cac4dfc-1666342277de8daea6-0","template--16083011076363__ccb4fcd6-64bb-45af-a673-75d70cac4dfc-1666342277de8daea6-1","template--16083011076363__ccb4fcd6-64bb-45af-a673-75d70cac4dfc-1666342277de8daea6-2"],"settings":{"image":"shopify:\/\/shop_images\/Filter_coffee_made_from_origami_dripper.png","height":"adapt","desktop_image_width":"medium","layout":"image_first","desktop_content_position":"middle","desktop_content_alignment":"left","content_layout":"no-overlap","color_scheme":"background-1","mobile_content_alignment":"left","padding_top":36,"padding_bottom":64}},"16515783060899e67e":{"type":"image-with-text","blocks":{"1651578306681188a7-0":{"type":"heading","settings":{"heading":"UNCOMPROMISED QUALITY","heading_size":"h2"}},"1651578306681188a7-1":{"type":"text","settings":{"text":"<p>Through personal farm relationships we build quality from the start. Our integrated approach connects all stages to create excellent coffee: sourcing, roasting and serving the perfect cup.<\/p>","text_style":"body"}},"1651578306681188a7-2":{"type":"button","settings":{"button_label":"OUR STORY","button_link":"shopify:\/\/pages\/aboutus"}}},"block_order":["1651578306681188a7-0","1651578306681188a7-1","1651578306681188a7-2"],"settings":{"image":"shopify:\/\/shop_images\/The_Barn_Ralf_Rueller_Founder_Roasting_Berlin_654ece81-d22b-4eeb-aa62-d5a8912dbfe3.jpg","height":"adapt","desktop_image_width":"medium","layout":"text_first","desktop_content_position":"middle","desktop_content_alignment":"left","content_layout":"no-overlap","color_scheme":"background-1","mobile_content_alignment":"left","padding_top":32,"padding_bottom":32}},"21b96ab1-990f-49e3-b1bf-8e2ecc576146":{"type":"image-with-text","disabled":true,"blocks":{"template--16216418910475__21b96ab1-990f-49e3-b1bf-8e2ecc576146-16739486677f056d81-0":{"type":"heading","settings":{"heading":"WE ARE PLANTING 40,000 NATIVE TREES IN BRAZIL","heading_size":"h2"}},"template--16216418910475__21b96ab1-990f-49e3-b1bf-8e2ecc576146-16739486677f056d81-1":{"type":"text","settings":{"text":"<p>We are committed to plant 40,000 native trees over the next 5 years on a forest size of 25 hectares of land. Together with our partners from Daterra we are growing our <a href=\"\/blogs\/coffee-wiki\/sustainability\" target=\"_blank\" title=\"Sustainability\">THE BARN FOREST<\/a> on their estate. <\/p><p>Be part of this great opportunity and let us make a change together.<\/p>","text_style":"body"}},"template--16216418910475__21b96ab1-990f-49e3-b1bf-8e2ecc576146-16739486677f056d81-2":{"type":"button","settings":{"button_label":"PLANT A TREE TODAY","button_link":"shopify:\/\/products\/plant-a-tree"}}},"block_order":["template--16216418910475__21b96ab1-990f-49e3-b1bf-8e2ecc576146-16739486677f056d81-0","template--16216418910475__21b96ab1-990f-49e3-b1bf-8e2ecc576146-16739486677f056d81-1","template--16216418910475__21b96ab1-990f-49e3-b1bf-8e2ecc576146-16739486677f056d81-2"],"settings":{"image":"shopify:\/\/shop_images\/Junko_Tree_d5947977-a4db-4cb4-8ddf-b23a3f6f1dbc.jpg","height":"adapt","desktop_image_width":"medium","layout":"image_first","desktop_content_position":"top","desktop_content_alignment":"left","content_layout":"no-overlap","color_scheme":"background-1","mobile_content_alignment":"left","padding_top":40,"padding_bottom":40}},"88c54afd-6289-46f8-8ace-ea6a928b554f":{"type":"custom-liquid","settings":{"custom_liquid":"{% render | \"four-icons\" %}","color_scheme":"background-1","padding_top":64,"padding_bottom":64}},"20d07d22-5246-491b-b6f2-edcabe969eef":{"type":"multicolumn","disabled":true,"blocks":{"template--16216418910475__20d07d22-5246-491b-b6f2-edcabe969eef-16742110704f1b8e3d-0":{"type":"column","settings":{"image":"shopify:\/\/shop_images\/v60_brew_01e352cf-4ee4-40ec-b4f6-425ae15a33cc.jpg","title":"Hario V60","text":"<p>The Hario V60 is one of the most iconic drip brewers. You’ll see our baristas brewing with the V60 throughout our cafes as it delivers incredibly clear flavours and aromas, bringing out the best of the coffee to get a full experience.<\/p>","link_label":"V60 BREW GUIDE","link":"shopify:\/\/blogs\/the-barn-blog\/v60-drip","custom_liquid":""}},"template--16216418910475__20d07d22-5246-491b-b6f2-edcabe969eef-16742110704f1b8e3d-1":{"type":"column","settings":{"image":"shopify:\/\/shop_images\/Chemex_with_mug.jpg","title":"Chemex","text":"<p>The Chemex was invented by Peter Schlumbohm in 1941 in Chicago, USA. Being a chemist, Peter understood extraction of flavor and caffeine very well. This resulted in the Chemex being not only a beautiful piece of design, but functional too.<\/p>","link_label":"CHEMEX BREW GUIDE","link":"shopify:\/\/blogs\/the-barn-blog\/chemex","custom_liquid":""}},"template--16216418910475__20d07d22-5246-491b-b6f2-edcabe969eef-16742110704f1b8e3d-2":{"type":"column","settings":{"image":"shopify:\/\/shop_images\/aeropress_e96a31c5-a789-47e6-8ee9-f2fa1189d19e.jpg","title":"Aeropress","text":"<p>Invented in 2005 by Alan Adler (USA), the AeroPress has quickly gained popularity for its brew times and versatility – it delivers everything from Mokka to Filtercoffee. The addition of paper filters and a rubber seal results in excellent extraction.<\/p>","link_label":"AEROPRESS BREW GUIDE","link":"shopify:\/\/blogs\/the-barn-blog\/aeropress","custom_liquid":""}}},"block_order":["template--16216418910475__20d07d22-5246-491b-b6f2-edcabe969eef-16742110704f1b8e3d-0","template--16216418910475__20d07d22-5246-491b-b6f2-edcabe969eef-16742110704f1b8e3d-1","template--16216418910475__20d07d22-5246-491b-b6f2-edcabe969eef-16742110704f1b8e3d-2"],"settings":{"title":"Explore our brew guides","heading_size":"h2","image_width":"full","image_ratio":"square","columns_desktop":3,"column_alignment":"left","background_style":"primary","button_label":"","button_link":"","link_as_button":true,"color_scheme":"background-1","columns_mobile":"1","swipe_on_mobile":true,"padding_top":36,"padding_bottom":36}}},"order":["image_banner","1653387743507b82e2","550bad91-bd7c-428d-b01d-b1a12420b001","165900919845720bf8","1652970717af5972f9","165339081846c57155","ccb4fcd6-64bb-45af-a673-75d70cac4dfc","16515783060899e67e","21b96ab1-990f-49e3-b1bf-8e2ecc576146","88c54afd-6289-46f8-8ace-ea6a928b554f","20d07d22-5246-491b-b6f2-edcabe969eef"]}