{"sections":{"main":{"type":"main-page","disabled":true,"settings":{"padding_top":28,"padding_bottom":28}},"16590189470dfa78be":{"type":"custom-liquid","settings":{"custom_liquid":"<div class=\"container\"> \n<div class=\"iframe-container\">\n    <iframe width=\"560\" height=\"315\" src=\"https:\/\/www.youtube-nocookie.com\/embed\/USDQHnyNHVA?controls=0\" title=\"YouTube video player\" frameborder=\"0\" allow=\"accelerometer; autoplay; clipboard-write; encrypted-media; gyroscope; picture-in-picture\" allowfullscreen><\/iframe>\n<div id=\"text\"><h1> About Us<\/h1><\/div>\n<\/div>\n<\/div> \n\n    <style>\n#text{\n \/*position: absolute;*\/\ncolor: #FFFFFF;\n}\n        \n\n\n.iframe-container{\n  \/*position: relative;*\/\n  width: 100%; \n  height: 640px;\n  display: flex;\n  align-items: center;\n  flex-direction: column;\n  justify-content: center;\n  gap:10px;\n}\n\n.iframe-container iframe{\n  \/*position: absolute;*\/\n  top:0;\n  left: 0;\n  width: 100%;\n  height: 100%;\n}\n\n<\/style>","color_scheme":"background-1","padding_top":0,"padding_bottom":12}},"1653508694fa6f7e80":{"type":"custom-liquid","settings":{"custom_liquid":"{% render | \"awards-snippet\" %}","color_scheme":"background-1","padding_top":0,"padding_bottom":0}},"16535087560770a397":{"type":"rich-text","blocks":{"165350875611e9ca12-1":{"type":"text","settings":{"text":"<p>THE BARN is a leading coffee roaster in Europe and represents the Specialty Coffee Movement at the highest level since 2010. Our beans are served by many coffee shops and home brewers across the globe.<\/p><p><br\/>Our vision has been very clear from the start: We focus on making our coffees better and better. No compromise - just great coffee. We would never blend our coffees in order to showcase specific flavour profiles and to present each farm we work with. This makes our farmers proud and the product fully traceable.<\/p>"}}},"block_order":["165350875611e9ca12-1"],"settings":{"desktop_content_position":"center","content_alignment":"center","color_scheme":"background-1","full_width":true,"padding_top":40,"padding_bottom":52}},"97d15337-f658-4382-95d4-4265f611b1e9":{"type":"slideshow","blocks":{"template--16216418058507__97d15337-f658-4382-95d4-4265f611b1e9-168260576387f065f6-1":{"type":"slide","settings":{"image":"shopify:\/\/shop_images\/THE_BARN_Booklet_Page_0.png","heading":"","heading_size":"h1","subheading":"","button_label":"","link":"","button_style_secondary":false,"box_align":"middle-center","show_text_box":false,"text_alignment":"center","image_overlay_opacity":0,"color_scheme":"background-1","text_alignment_mobile":"center"}},"template--16216418058507__97d15337-f658-4382-95d4-4265f611b1e9-168260576387f065f6-0":{"type":"slide","settings":{"image":"shopify:\/\/shop_images\/THE_BARN_Booklet_Page_1.png","heading":"","heading_size":"h1","subheading":"","button_label":"","link":"","button_style_secondary":false,"box_align":"middle-center","show_text_box":false,"text_alignment":"center","image_overlay_opacity":0,"color_scheme":"background-1","text_alignment_mobile":"center"}},"6533ae62-3b98-420f-92b9-d9bfa0e5605f":{"type":"slide","settings":{"image":"shopify:\/\/shop_images\/THE_BARN_Booklet_Page_2.png","heading":"","heading_size":"h1","subheading":"","button_label":"","link":"","button_style_secondary":false,"box_align":"middle-center","show_text_box":false,"text_alignment":"center","image_overlay_opacity":0,"color_scheme":"background-1","text_alignment_mobile":"center"}},"01d70a35-dcbc-4183-ad1a-4a15ffa84aa6":{"type":"slide","settings":{"image":"shopify:\/\/shop_images\/THE_BARN_Booklet_Page_3.png","heading":"","heading_size":"h1","subheading":"","button_label":"","link":"","button_style_secondary":false,"box_align":"middle-center","show_text_box":false,"text_alignment":"center","image_overlay_opacity":0,"color_scheme":"background-1","text_alignment_mobile":"center"}},"d5e5e483-bfcf-47ce-b0af-3350ee7d0ce2":{"type":"slide","settings":{"image":"shopify:\/\/shop_images\/THE_BARN_Booklet_Page_5.png","heading":"","heading_size":"h1","subheading":"","button_label":"","link":"","button_style_secondary":false,"box_align":"middle-center","show_text_box":false,"text_alignment":"center","image_overlay_opacity":0,"color_scheme":"background-1","text_alignment_mobile":"center"}}},"block_order":["template--16216418058507__97d15337-f658-4382-95d4-4265f611b1e9-168260576387f065f6-1","template--16216418058507__97d15337-f658-4382-95d4-4265f611b1e9-168260576387f065f6-0","6533ae62-3b98-420f-92b9-d9bfa0e5605f","01d70a35-dcbc-4183-ad1a-4a15ffa84aa6","d5e5e483-bfcf-47ce-b0af-3350ee7d0ce2"],"settings":{"layout":"full_bleed","slide_height":"adapt_image","slider_visual":"dots","auto_rotate":false,"change_slides_speed":5,"show_text_below":false,"accessibility_info":"Slideshow about our brand"}},"165350883755001537":{"type":"image-with-text","blocks":{"16535088379107698d-0":{"type":"heading","settings":{"heading":"Highlighting flavour","heading_size":"h1"}},"16535088379107698d-1":{"type":"text","settings":{"text":"<p>We choose our beans for quality, cleanliness, sustainability and traceability. We only buy fresh, seasonal crop. It is one of our principles to treasure the value chain from crop to cup.<\/p>","text_style":"body"}}},"block_order":["16535088379107698d-0","16535088379107698d-1"],"settings":{"image":"shopify:\/\/shop_images\/wheeeeel.bez_kola_czarnego.png","height":"adapt","desktop_image_width":"medium","layout":"image_first","desktop_content_position":"top","desktop_content_alignment":"left","content_layout":"no-overlap","color_scheme":"background-1","mobile_content_alignment":"left","padding_top":36,"padding_bottom":36}},"16535089403fff00a8":{"type":"rich-text","blocks":{"16535089409b33198c-1":{"type":"text","settings":{"text":"<p>Our roast style is fully developed but light and clean. We bring out the full flavour potential of each coffee. Working with Single Origin Beans is a lot easier than using Blends - all beans are uniform and of highest grading.<\/p>"}}},"block_order":["16535089409b33198c-1"],"settings":{"desktop_content_position":"center","content_alignment":"center","color_scheme":"background-1","full_width":true,"padding_top":40,"padding_bottom":52}}},"order":["main","16590189470dfa78be","1653508694fa6f7e80","16535087560770a397","97d15337-f658-4382-95d4-4265f611b1e9","165350883755001537","16535089403fff00a8"]}