{"sections":{"main":{"type":"main-page","disabled":true,"settings":{"padding_top":28,"padding_bottom":28}},"253402cd-6aae-45df-8b59-88861dafe335":{"type":"rich-text","blocks":{"template--16379897512203__253402cd-6aae-45df-8b59-88861dafe335-16698092439dafca36-0":{"type":"heading","settings":{"heading":"Your coffee on {{ page.title }}","heading_size":"h0"}}},"block_order":["template--16379897512203__253402cd-6aae-45df-8b59-88861dafe335-16698092439dafca36-0"],"settings":{"color_scheme":"accent-1","full_width":true,"padding_top":40,"padding_bottom":52}},"8ea5eca9-dbf3-4398-ab19-d2240b0230dc":{"type":"image-with-text","blocks":{"template--16379897512203__8ea5eca9-dbf3-4398-ab19-d2240b0230dc-1669807602e7252fe1-0":{"type":"heading","disabled":true,"settings":{"heading":"Image with text","heading_size":"h1"}},"template--16379897512203__8ea5eca9-dbf3-4398-ab19-d2240b0230dc-1669807602e7252fe1-1":{"type":"text","settings":{"text":"<p>{{ page.metafields.advent_callender.recipe | metafield_tag }}<\/p>","text_style":"body"}}},"block_order":["template--16379897512203__8ea5eca9-dbf3-4398-ab19-d2240b0230dc-1669807602e7252fe1-0","template--16379897512203__8ea5eca9-dbf3-4398-ab19-d2240b0230dc-1669807602e7252fe1-1"],"settings":{"image":"{{ page.metafields.advent_callender.Image.value }}","height":"small","desktop_image_width":"small","layout":"image_first","desktop_content_position":"middle","desktop_content_alignment":"center","content_layout":"no-overlap","color_scheme":"background-1","mobile_content_alignment":"center","padding_top":40,"padding_bottom":40}},"e59c0634-a9b3-479e-8411-5809cc40b72a":{"type":"rich-text","blocks":{"c1459525-6ee3-4d21-b7f7-6c1b95e53944":{"type":"heading","settings":{"heading":"Find out more and enjoy the video on how we brew this delicious coffee. ","heading_size":"h2"}}},"block_order":["c1459525-6ee3-4d21-b7f7-6c1b95e53944"],"settings":{"color_scheme":"background-1","full_width":true,"padding_top":40,"padding_bottom":0}},"8f1be29f-f14e-485c-a7df-94472a50cd9d":{"type":"custom-liquid","disabled":true,"settings":{"custom_liquid":"<div=\"container\">\n<div class=\"i-container\">\n<iframe width=50% height=\"534\" src=\"https:\/\/www.youtube.com\/embed\/Q3fAFcpupus\" title=\"ADVENTCALENDAR REVEALING 01.12.2022 STARDUST, BRAZIL\" frameborder=\"0\" allow=\"accelerometer; autoplay; clipboard-write; encrypted-media; gyroscope; picture-in-picture\" allowfullscreen><\/iframe>\n<\/div>\n<\/div>\n\n<style>\n.i-container {\ndisplay: flex;\njustify-content: center;}\n\n\n@media only screen and (max-width: 600px) {\niframe{\n\/*position: absolute;*\/\ntop:0;\nleft: 0;\n  width: 100%;\n  height: 32vh;\n}\n}\n<\/style>","color_scheme":"background-1","padding_top":40,"padding_bottom":52}},"d3677044-3934-4e0a-8083-f3bd974bf1f8":{"type":"Video-With-Text","settings":{"video_id":"{{ page.metafields.cadvent_callender.Video.value }}","overlay":"","video_height":105,"video_autoplay":false,"padding_top":56,"padding_bottom":84}},"f7e26bd2-5f7f-489b-b380-42b8c6f8e1f4":{"type":"featured-product","blocks":{"template--16379897512203__f7e26bd2-5f7f-489b-b380-42b8c6f8e1f4-16698093158006ea3b-0":{"type":"text","disabled":true,"settings":{"text":"{{ section.settings.product.vendor }}","text_style":"uppercase"}},"template--16379897512203__f7e26bd2-5f7f-489b-b380-42b8c6f8e1f4-16698093158006ea3b-1":{"type":"title","settings":{"heading_size":"h1"}},"template--16379897512203__f7e26bd2-5f7f-489b-b380-42b8c6f8e1f4-16698093158006ea3b-2":{"type":"text","settings":{"text":"{{ section.settings.product.metafields.descriptors.subtitle.value }}","text_style":"subtitle"}},"template--16379897512203__f7e26bd2-5f7f-489b-b380-42b8c6f8e1f4-16698093158006ea3b-3":{"type":"price","settings":{}},"template--16379897512203__f7e26bd2-5f7f-489b-b380-42b8c6f8e1f4-16698093158006ea3b-4":{"type":"variant_picker","settings":{"picker_type":"button"}},"template--16379897512203__f7e26bd2-5f7f-489b-b380-42b8c6f8e1f4-16698093158006ea3b-5":{"type":"quantity_selector","settings":{}},"template--16379897512203__f7e26bd2-5f7f-489b-b380-42b8c6f8e1f4-16698093158006ea3b-6":{"type":"buy_buttons","settings":{"show_dynamic_checkout":false}},"template--16379897512203__f7e26bd2-5f7f-489b-b380-42b8c6f8e1f4-16698093158006ea3b-7":{"type":"share","disabled":true,"settings":{"share_label":"Share"}},"44d3da97-d814-443d-b2e0-18172705f6fb":{"type":"custom_liquid","settings":{"custom_liquid":""}}},"block_order":["template--16379897512203__f7e26bd2-5f7f-489b-b380-42b8c6f8e1f4-16698093158006ea3b-0","template--16379897512203__f7e26bd2-5f7f-489b-b380-42b8c6f8e1f4-16698093158006ea3b-1","template--16379897512203__f7e26bd2-5f7f-489b-b380-42b8c6f8e1f4-16698093158006ea3b-2","template--16379897512203__f7e26bd2-5f7f-489b-b380-42b8c6f8e1f4-16698093158006ea3b-3","template--16379897512203__f7e26bd2-5f7f-489b-b380-42b8c6f8e1f4-16698093158006ea3b-4","template--16379897512203__f7e26bd2-5f7f-489b-b380-42b8c6f8e1f4-16698093158006ea3b-5","template--16379897512203__f7e26bd2-5f7f-489b-b380-42b8c6f8e1f4-16698093158006ea3b-6","template--16379897512203__f7e26bd2-5f7f-489b-b380-42b8c6f8e1f4-16698093158006ea3b-7","44d3da97-d814-443d-b2e0-18172705f6fb"],"settings":{"product":"{{ page.metafields.cadvent_callender.product.value }}","color_scheme":"background-1","secondary_background":false,"hide_variants":false,"enable_video_looping":false,"padding_top":32,"padding_bottom":36}},"1b04da70-6227-4e6b-aa94-8d4c8a8d4e8c":{"type":"custom-liquid","settings":{"custom_liquid":"","color_scheme":"background-1","padding_top":40,"padding_bottom":52}}},"order":["main","253402cd-6aae-45df-8b59-88861dafe335","8ea5eca9-dbf3-4398-ab19-d2240b0230dc","e59c0634-a9b3-479e-8411-5809cc40b72a","8f1be29f-f14e-485c-a7df-94472a50cd9d","d3677044-3934-4e0a-8083-f3bd974bf1f8","f7e26bd2-5f7f-489b-b380-42b8c6f8e1f4","1b04da70-6227-4e6b-aa94-8d4c8a8d4e8c"]}