{"sections":{"08cb4aae-e7ef-4359-b5e8-4cf50009ea97":{"type":"image-banner","blocks":{"template--16233837101323__08cb4aae-e7ef-4359-b5e8-4cf50009ea97-16772435826bc8e457-0":{"type":"heading","settings":{"heading":"THE BARN Newsletter","heading_size":"h1"}},"template--16233837101323__08cb4aae-e7ef-4359-b5e8-4cf50009ea97-16772435826bc8e457-1":{"type":"text","settings":{"text":"","text_style":"subtitle"}},"template--16233837101323__08cb4aae-e7ef-4359-b5e8-4cf50009ea97-16772435826bc8e457-2":{"type":"buttons","settings":{"button_label_1":"","button_link_1":"","button_style_secondary_1":false,"button_label_2":"","button_link_2":"","button_style_secondary_2":false}}},"block_order":["template--16233837101323__08cb4aae-e7ef-4359-b5e8-4cf50009ea97-16772435826bc8e457-0","template--16233837101323__08cb4aae-e7ef-4359-b5e8-4cf50009ea97-16772435826bc8e457-1","template--16233837101323__08cb4aae-e7ef-4359-b5e8-4cf50009ea97-16772435826bc8e457-2"],"custom_css":[".banner__text {color: white; font-size: 2.5rem;}"],"settings":{"image":"shopify:\/\/shop_images\/Santa_Rosa_SM01.jpg","image_overlay_opacity":50,"image_height":"small","adapt_height_first_image":false,"transparent_block":false,"desktop_content_position":"middle-center","show_text_box":false,"desktop_content_alignment":"center","color_scheme":"background-1","mobile_content_alignment":"center","stack_images_on_mobile":false,"show_text_below":false}},"1668784400ef2d08e9":{"type":"apps","disabled":true,"blocks":{"c4cdbbdc-d26f-43ee-9f1d-04ddd420dfd1":{"type":"shopify:\/\/apps\/klaviyo-email-marketing-sms\/blocks\/form-embed-block\/2632fe16-c075-4321-a88b-50b567f42507","settings":{"formId":"TNYASt"}}},"block_order":["c4cdbbdc-d26f-43ee-9f1d-04ddd420dfd1"],"settings":{"include_margins":true}},"e153d836-6ad9-4677-a1cc-16cd175ee048":{"type":"rich-text","blocks":{"template--16233837101323__e153d836-6ad9-4677-a1cc-16cd175ee048-16687863432d9014a2-0":{"type":"heading","settings":{"heading":"","heading_size":"h1"}},"a3b1a683-a087-4417-a51c-1943ab53d454":{"type":"text","settings":{"text":"<p>Sign up now and be first to hear about our newest coffees and rarest release: with 10% off your next coffee order!<\/p>"}}},"block_order":["template--16233837101323__e153d836-6ad9-4677-a1cc-16cd175ee048-16687863432d9014a2-0","a3b1a683-a087-4417-a51c-1943ab53d454"],"custom_css":["p {color: white; font-size: 20px;}"],"settings":{"color_scheme":"background-1","full_width":true,"padding_top":20,"padding_bottom":20}},"b92a4ea2-8af2-4587-84f7-5e697eef5a2d":{"type":"newsletter","blocks":{"template--16233837101323__b92a4ea2-8af2-4587-84f7-5e697eef5a2d-1677488612fb7e3a3e-0":{"type":"heading","settings":{"heading":"","heading_size":"h1"}},"template--16233837101323__b92a4ea2-8af2-4587-84f7-5e697eef5a2d-1677488612fb7e3a3e-1":{"type":"paragraph","settings":{"text":"<p>Join our coffee family and we will share exclusive stories from the roastery, our coffee shops, and farms we work with across the world.<\/p>"}},"template--16233837101323__b92a4ea2-8af2-4587-84f7-5e697eef5a2d-1677488612fb7e3a3e-2":{"type":"email_form","settings":{}}},"block_order":["template--16233837101323__b92a4ea2-8af2-4587-84f7-5e697eef5a2d-1677488612fb7e3a3e-0","template--16233837101323__b92a4ea2-8af2-4587-84f7-5e697eef5a2d-1677488612fb7e3a3e-1","template--16233837101323__b92a4ea2-8af2-4587-84f7-5e697eef5a2d-1677488612fb7e3a3e-2"],"settings":{"color_scheme":"background-1","full_width":true,"padding_top":20,"padding_bottom":36}},"c257b8f6-853e-4995-8f4a-646791f9e6b6":{"type":"newsletter-sign-up","disabled":true,"settings":{"padding_top":40,"padding_bottom":40}}},"order":["08cb4aae-e7ef-4359-b5e8-4cf50009ea97","1668784400ef2d08e9","e153d836-6ad9-4677-a1cc-16cd175ee048","b92a4ea2-8af2-4587-84f7-5e697eef5a2d","c257b8f6-853e-4995-8f4a-646791f9e6b6"]}