{"sections":{"main":{"type":"main-page","disabled":true,"settings":{"padding_top":28,"padding_bottom":28}},"acb921d1-88a6-4f01-8554-ac07aa6069dd":{"type":"image-banner","blocks":{"template--16379873853707__acb921d1-88a6-4f01-8554-ac07aa6069dd-16698923465caa37bf-0":{"type":"heading","settings":{"heading":"ADVENT CALENDAR EXPERIENCE","heading_size":"h0"}}},"block_order":["template--16379873853707__acb921d1-88a6-4f01-8554-ac07aa6069dd-16698923465caa37bf-0"],"settings":{"image":"shopify:\/\/shop_images\/cca8fe96-bb92-41da-b9a4-473d80fe2500.webp","image_overlay_opacity":60,"image_height":"large","adapt_height_first_image":false,"transparent_block":true,"desktop_content_position":"middle-center","show_text_box":false,"desktop_content_alignment":"center","color_scheme":"background-1","mobile_content_alignment":"center","stack_images_on_mobile":false,"show_text_below":false}},"8fd28eac-b800-46cf-966a-781bdcccc447":{"type":"rich-text","blocks":{"template--16379873853707__8fd28eac-b800-46cf-966a-781bdcccc447-16700147442e632ba2-0":{"type":"heading","settings":{"heading":"THE BARN SPECIALTY COFFEE ADVENT CALENDAR","heading_size":"h2"}}},"block_order":["template--16379873853707__8fd28eac-b800-46cf-966a-781bdcccc447-16700147442e632ba2-0"],"settings":{"color_scheme":"background-1","full_width":true,"padding_top":56,"padding_bottom":56}},"2178a1e0-fbe9-4b4f-8c5e-36afd31b043b":{"type":"image-with-text","blocks":{"template--16379873853707__2178a1e0-fbe9-4b4f-8c5e-36afd31b043b-1669989047ec911251-0":{"type":"heading","settings":{"heading":"","heading_size":"h2"}},"template--16379873853707__2178a1e0-fbe9-4b4f-8c5e-36afd31b043b-1669989047ec911251-1":{"type":"text","settings":{"text":"<p>Our first Advent Calendar has 24 surprises that take you on a fantastic flavour journey. <\/p><p>We have delicious teas and chocolate from our Berlin based partners and some essential brew (and steep) equipment. <\/p><p><strong>Most excited are we to share 1 of our Single Origin Coffees with you<\/strong><\/p>","text_style":"body"}},"template--16379873853707__2178a1e0-fbe9-4b4f-8c5e-36afd31b043b-1669989047ec911251-2":{"type":"button","disabled":true,"settings":{"button_label":"NOTIFY ME WHEN AVAILABLE","button_link":"shopify:\/\/products\/advent-calendar-2022"}}},"block_order":["template--16379873853707__2178a1e0-fbe9-4b4f-8c5e-36afd31b043b-1669989047ec911251-0","template--16379873853707__2178a1e0-fbe9-4b4f-8c5e-36afd31b043b-1669989047ec911251-1","template--16379873853707__2178a1e0-fbe9-4b4f-8c5e-36afd31b043b-1669989047ec911251-2"],"settings":{"image":"shopify:\/\/shop_images\/cca8fe96-bb92-41da-b9a4-473d80fe2500.webp","height":"small","desktop_image_width":"medium","layout":"image_first","desktop_content_position":"top","desktop_content_alignment":"left","content_layout":"no-overlap","color_scheme":"background-1","mobile_content_alignment":"center","padding_top":0,"padding_bottom":40}},"5d823e76-b8cd-4a1f-8e13-d60e0d136a22":{"type":"image-with-text","blocks":{"template--16379873853707__5d823e76-b8cd-4a1f-8e13-d60e0d136a22-16700155502726d628-1":{"type":"text","settings":{"text":"<p>We take you through different coffee growing regions with a variation of processing and cultivar styles.<\/p><p><strong>Two of our Masterpieces<\/strong> are part of your surprise bags. Each coffee bag contains 50g of coffee: Enough for 2 or 3 brews, depending on your brew size.<\/p><p>If you missed this years Advent Calendar, do sign up for the reservation list 2023<\/p>","text_style":"body"}},"template--16379873853707__5d823e76-b8cd-4a1f-8e13-d60e0d136a22-16700155502726d628-2":{"type":"button","settings":{"button_label":"NOTIFY ME WHEN AVAILABLE","button_link":"shopify:\/\/products\/advent-calendar-2022"}}},"block_order":["template--16379873853707__5d823e76-b8cd-4a1f-8e13-d60e0d136a22-16700155502726d628-1","template--16379873853707__5d823e76-b8cd-4a1f-8e13-d60e0d136a22-16700155502726d628-2"],"settings":{"image":"shopify:\/\/shop_images\/cca8fe96-bb92-41da-b9a4-473d80fe2500.webp","height":"small","desktop_image_width":"medium","layout":"text_first","desktop_content_position":"top","desktop_content_alignment":"left","content_layout":"no-overlap","color_scheme":"background-1","mobile_content_alignment":"center","padding_top":0,"padding_bottom":0}},"6ca8eaad-f9ab-4f52-a0e3-2960a8444e80":{"type":"rich-text","blocks":{"template--16379873853707__6ca8eaad-f9ab-4f52-a0e3-2960a8444e80-166981053722bf5106-1":{"type":"text","settings":{"text":"<p>Please find below our “Calendar doors” that reveal more detailed information on each coffee with video brew tips. <strong>Spoiler alert:<\/strong> Don’t click before you open your cotton bag on those particular days mentioned below. <\/p><p>Merry Christmas from everyone here at The Barn!<\/p>"}},"template--16379873853707__6ca8eaad-f9ab-4f52-a0e3-2960a8444e80-166981053722bf5106-0":{"type":"heading","settings":{"heading":"The Twelve Coffees of Christmas","heading_size":"h1"}}},"block_order":["template--16379873853707__6ca8eaad-f9ab-4f52-a0e3-2960a8444e80-166981053722bf5106-1","template--16379873853707__6ca8eaad-f9ab-4f52-a0e3-2960a8444e80-166981053722bf5106-0"],"settings":{"color_scheme":"background-1","full_width":true,"padding_top":24,"padding_bottom":0}},"165338928113f35a7d":{"type":"multicolumn","blocks":{"16533892817718819e-0":{"type":"column","settings":{"image":"shopify:\/\/shop_images\/F157B5F9-0485-4463-8600-32CB734849D1.jpg","title":"DEC 1st","text":"<p>Spoiler Alert! <\/p>","link_label":"LEARN MORE","link":"shopify:\/\/pages\/1st-december","custom_liquid":""}},"8db05c6b-e185-45ee-ab91-b8c5d2e41bc2":{"type":"column","settings":{"image":"shopify:\/\/shop_images\/AD90365F-7DD1-4110-BC00-9157E5EC30F6.jpg","title":"DEC 5th","text":"<p>Spoiler Alert! <\/p>","link_label":"LEARN MORE","link":"shopify:\/\/pages\/5th-december","custom_liquid":""}},"86a91959-faf0-4c55-8529-4f339a920933":{"type":"column","settings":{"image":"shopify:\/\/shop_images\/648F9540-3456-4223-AD3F-B542CAA9FA38.jpg","title":"DEC 6th","text":"<p>Spoiler Alert! <\/p>","link_label":"LEARN MORE","link":"shopify:\/\/pages\/6th-december","custom_liquid":""}},"93ede514-ef6e-476b-8aea-ef8cf37b5899":{"type":"column","settings":{"image":"shopify:\/\/shop_images\/0F48A3D0-34A0-4E0F-9FF0-34B0F35C26A7.jpg","title":"DEC 9th","text":"<p>Spoiler Alert! <\/p>","link_label":"LEARN MORE","link":"shopify:\/\/pages\/9th-december","custom_liquid":""}},"16533892817718819e-2":{"type":"column","settings":{"image":"shopify:\/\/shop_images\/DB047C91-3C59-45D6-BDF1-9D448362DAFC.jpg","title":"DEC 11th","text":"<p>Spoiler Alert! <\/p>","link_label":"LEARN MORE","link":"shopify:\/\/pages\/11th-december","custom_liquid":""}},"6b207fa8-8c96-4ffe-9002-cfb7f8e165da":{"type":"column","settings":{"image":"shopify:\/\/shop_images\/3FBD5DB3-EB82-4C4D-B41A-014DCA324F6B.jpg","title":"DEC 13th","text":"<p>Spoiler Alert! <\/p>","link_label":"LEARN MORE","link":"shopify:\/\/pages\/13th-december","custom_liquid":""}},"16533892817718819e-1":{"type":"column","settings":{"image":"shopify:\/\/shop_images\/56AF0F96-FCEC-42CB-94D2-5B5AB6B30B34.jpg","title":"DEC 15th","text":"<p>Spoiler Alert! <\/p>","link_label":"LEARN MORE","link":"shopify:\/\/pages\/15th-december","custom_liquid":""}},"6a0c6934-49ad-4e5b-8d7a-3595f6467ab2":{"type":"column","settings":{"image":"shopify:\/\/shop_images\/321C1F00-EEE2-427C-B719-44E37718850D.jpg","title":"DEC 17th","text":"<p>Spoiler Alert! <\/p>","link_label":"LEARN MORE","link":"shopify:\/\/pages\/17th-december","custom_liquid":""}},"ea05195e-8bc5-4336-89dc-9994519e0243":{"type":"column","settings":{"image":"shopify:\/\/shop_images\/6A503B3F-2AD4-42E8-A6BC-9E092D8BE3A4.jpg","title":"DEC 19th","text":"<p>Spoiler Alert! <\/p>","link_label":"LEARN MORE","link":"shopify:\/\/pages\/19th-december","custom_liquid":""}},"81f8f5a5-f92f-46ba-aedd-f41d5b4794fd":{"type":"column","settings":{"image":"shopify:\/\/shop_images\/5B09CDD2-D178-456E-9EC0-FD079B083CE7.jpg","title":"DEC 20th","text":"<p>Spoiler Alert! <\/p>","link_label":"LEARN MORE","link":"shopify:\/\/pages\/20th-december","custom_liquid":""}},"d6244320-1121-4b86-831d-99c4406f719f":{"type":"column","settings":{"image":"shopify:\/\/shop_images\/F157B5F9-0485-4463-8600-32CB734849D1.jpg","title":"DEC 22nd","text":"<p>Spoiler Alert! <\/p>","link_label":"LEARN MORE","link":"shopify:\/\/pages\/22nd-december","custom_liquid":""}},"65804a50-6f0c-49cb-bce9-bc64beacdf78":{"type":"column","settings":{"image":"shopify:\/\/shop_images\/F157B5F9-0485-4463-8600-32CB734849D1.jpg","title":"DEC 24th","text":"<p>Spoiler Alert! <\/p>","link_label":"LEARN MORE","link":"shopify:\/\/pages\/24th-december","custom_liquid":""}}},"block_order":["16533892817718819e-0","8db05c6b-e185-45ee-ab91-b8c5d2e41bc2","86a91959-faf0-4c55-8529-4f339a920933","93ede514-ef6e-476b-8aea-ef8cf37b5899","16533892817718819e-2","6b207fa8-8c96-4ffe-9002-cfb7f8e165da","16533892817718819e-1","6a0c6934-49ad-4e5b-8d7a-3595f6467ab2","ea05195e-8bc5-4336-89dc-9994519e0243","81f8f5a5-f92f-46ba-aedd-f41d5b4794fd","d6244320-1121-4b86-831d-99c4406f719f","65804a50-6f0c-49cb-bce9-bc64beacdf78"],"settings":{"title":"","heading_size":"h2","image_width":"full","image_ratio":"square","columns_desktop":3,"column_alignment":"center","background_style":"primary","button_label":"","button_link":"","link_as_button":true,"color_scheme":"background-1","columns_mobile":"2","swipe_on_mobile":false,"padding_top":36,"padding_bottom":36}}},"order":["main","acb921d1-88a6-4f01-8554-ac07aa6069dd","8fd28eac-b800-46cf-966a-781bdcccc447","2178a1e0-fbe9-4b4f-8c5e-36afd31b043b","5d823e76-b8cd-4a1f-8e13-d60e0d136a22","6ca8eaad-f9ab-4f52-a0e3-2960a8444e80","165338928113f35a7d"]}